[{"tag":"javascript","count":58295,"original":"JAVASCRIPT"},{"tag":"jqueri","count":21755,"original":"Jquery"},{"tag":"not","count":8118,"original":"NOT"},{"tag":"angularj","count":7662,"original":"angularJs"},{"tag":"object","count":6843,"original":"OBJECT"},{"tag":"file","count":6076,"original":"FIle"},{"tag":"function","count":5232,"original":"Functions"},{"tag":"valu","count":4770,"original":"VALUE"},{"tag":"html","count":4644,"original":"Html"},{"tag":"element","count":4362,"original":"Elements"},{"tag":"node","count":3758,"original":"NODE"},{"tag":"arrai","count":3692,"original":"Arrays"},{"tag":"react","count":3660,"original":"REACT"},{"tag":"event","count":3576,"original":"Events"},{"tag":"json","count":3480,"original":"JSon"},{"tag":"angular","count":3333,"original":"ANgular"},{"tag":"error","count":3305,"original":"ERROR"},{"tag":"string","count":2950,"original":"Strings"},{"tag":"set","count":2761,"original":"SET"},{"tag":"variabl","count":2673,"original":"VARIABLE"},{"tag":"page","count":2654,"original":"Pages"},{"tag":"work","count":2604,"original":"Work"},{"tag":"click","count":2585,"original":"CLICK"},{"tag":"url","count":2564,"original":"Urls"},{"tag":"ajax","count":2529,"original":"AJAX"},{"tag":"div","count":2460,"original":"DIVs"},{"tag":"without","count":2451,"original":"Without"},{"tag":"chang","count":2418,"original":"Changed"},{"tag":"input","count":2412,"original":"INPUT"},{"tag":"select","count":2382,"original":"Selection"},{"tag":"multipl","count":2379,"original":"MULTIPLE"},{"tag":"browser","count":2300,"original":"Browsers"},{"tag":"css","count":2250,"original":"Css"},{"tag":"call","count":2143,"original":"Calls"},{"tag":"chrome","count":2130,"original":"chrome"},{"tag":"googl","count":2126,"original":"google"},{"tag":"load","count":2116,"original":"Loaded"},{"tag":"ifram","count":2070,"original":"IFrame"},{"tag":"data","count":2042,"original":"Data"},{"tag":"quot","count":2026,"original":"Quotes"},{"tag":"text","count":1980,"original":"Text"},{"tag":"return","count":1978,"original":"RETURN"},{"tag":"html5","count":1950,"original":"Html5"},{"tag":"map","count":1934,"original":"MAP"},{"tag":"differ","count":1932,"original":"Different"},{"tag":"script","count":1908,"original":"SCRIPT"},{"tag":"nodej","count":1897,"original":"NODEJS"},{"tag":"bootstrap","count":1878,"original":"BootStrap"},{"tag":"creat","count":1874,"original":"Created"},{"tag":"form","count":1872,"original":"FORM"},{"tag":"insid","count":1860,"original":"INSIDE"},{"tag":"check","count":1804,"original":"Checked"},{"tag":"api","count":1782,"original":"api"},{"tag":"window","count":1752,"original":"Window"},{"tag":"imag","count":1742,"original":"Images"},{"tag":"convert","count":1673,"original":"CONVERT"},{"tag":"properti","count":1614,"original":"Properties"},{"tag":"new","count":1545,"original":"NEW"},{"tag":"dom","count":1545,"original":"dom"},{"tag":"detect","count":1456,"original":"detecting"},{"tag":"remov","count":1454,"original":"Removing"},{"tag":"add","count":1446,"original":"add"},{"tag":"test","count":1442,"original":"TEST"},{"tag":"button","count":1440,"original":"Buttons"},{"tag":"method","count":1412,"original":"Methods"},{"tag":"number","count":1402,"original":"Numbers"},{"tag":"code","count":1392,"original":"Code"},{"tag":"date","count":1386,"original":"Dates"},{"tag":"name","count":1377,"original":"NAME"},{"tag":"es6","count":1347,"original":"Es6"},{"tag":"class","count":1346,"original":"Classes"},{"tag":"typescript","count":1292,"original":"typeScript"},{"tag":"best","count":1284,"original":"BEST"},{"tag":"dynam","count":1280,"original":"Dynamic"},{"tag":"pass","count":1252,"original":"Passing"},{"tag":"disabl","count":1246,"original":"DISABLE"},{"tag":"show","count":1233,"original":"SHOW"},{"tag":"access","count":1228,"original":"Accessing"},{"tag":"onclick","count":1192,"original":"OnClick"},{"tag":"php","count":1156,"original":"PhP"},{"tag":"find","count":1146,"original":"finding"},{"tag":"option","count":1128,"original":"OPTIONs"},{"tag":"backbon","count":1125,"original":"BackBone"},{"tag":"regex","count":1124,"original":"REGEX"},{"tag":"net","count":1116,"original":"NEt"},{"tag":"request","count":1096,"original":"Requests"},{"tag":"compon","count":1092,"original":"Components"},{"tag":"line","count":1091,"original":"LINE"},{"tag":"kei","count":1086,"original":"Keys"},{"tag":"express","count":1082,"original":"EXPRESS"},{"tag":"scroll","count":1056,"original":"Scrolling"},{"tag":"web","count":1044,"original":"Web"},{"tag":"http","count":1017,"original":"Http"},{"tag":"firefox","count":1008,"original":"FireFox"},{"tag":"content","count":992,"original":"Contents"},{"tag":"tag","count":984,"original":"Tags"},{"tag":"nativ","count":984,"original":"NATIVE"},{"tag":"type","count":982,"original":"Types"},{"tag":"document","count":980,"original":"Document"},{"tag":"link","count":978,"original":"LINK"}]