[{"tag":"javascript","count":58295,"original":"JAVASCRIPT"},{"tag":"jqueri","count":21755,"original":"Jquery"},{"tag":"not","count":8118,"original":"NOT"},{"tag":"angularj","count":7662,"original":"angularJs"},{"tag":"object","count":6843,"original":"OBJECT"},{"tag":"file","count":6076,"original":"FIle"},{"tag":"function","count":5232,"original":"Functions"},{"tag":"valu","count":4770,"original":"VALUE"},{"tag":"html","count":4644,"original":"Html"},{"tag":"element","count":4362,"original":"Elements"},{"tag":"node","count":3758,"original":"NODE"},{"tag":"arrai","count":3692,"original":"Arrays"},{"tag":"react","count":3660,"original":"REACT"},{"tag":"event","count":3576,"original":"Events"},{"tag":"json","count":3480,"original":"JSon"},{"tag":"angular","count":3333,"original":"ANgular"},{"tag":"error","count":3305,"original":"ERROR"},{"tag":"string","count":2950,"original":"Strings"},{"tag":"set","count":2761,"original":"SET"},{"tag":"variabl","count":2673,"original":"VARIABLE"},{"tag":"page","count":2654,"original":"Pages"},{"tag":"work","count":2604,"original":"Work"},{"tag":"click","count":2585,"original":"CLICK"},{"tag":"url","count":2564,"original":"Urls"},{"tag":"ajax","count":2529,"original":"AJAX"},{"tag":"div","count":2460,"original":"DIVs"},{"tag":"without","count":2451,"original":"Without"},{"tag":"chang","count":2418,"original":"Changed"},{"tag":"input","count":2412,"original":"INPUT"},{"tag":"select","count":2382,"original":"Selection"},{"tag":"multipl","count":2379,"original":"MULTIPLE"},{"tag":"browser","count":2300,"original":"Browsers"},{"tag":"css","count":2250,"original":"Css"},{"tag":"call","count":2143,"original":"Calls"},{"tag":"chrome","count":2130,"original":"chrome"},{"tag":"googl","count":2126,"original":"google"},{"tag":"load","count":2116,"original":"Loaded"},{"tag":"ifram","count":2070,"original":"IFrame"},{"tag":"data","count":2042,"original":"Data"},{"tag":"quot","count":2026,"original":"Quotes"},{"tag":"text","count":1980,"original":"Text"},{"tag":"return","count":1978,"original":"RETURN"},{"tag":"html5","count":1950,"original":"Html5"},{"tag":"map","count":1934,"original":"MAP"},{"tag":"differ","count":1932,"original":"Different"},{"tag":"script","count":1908,"original":"SCRIPT"},{"tag":"nodej","count":1897,"original":"NODEJS"},{"tag":"bootstrap","count":1878,"original":"BootStrap"},{"tag":"creat","count":1874,"original":"Created"},{"tag":"form","count":1872,"original":"FORM"},{"tag":"insid","count":1860,"original":"INSIDE"},{"tag":"check","count":1804,"original":"Checked"},{"tag":"api","count":1782,"original":"api"},{"tag":"window","count":1752,"original":"Window"},{"tag":"imag","count":1742,"original":"Images"},{"tag":"convert","count":1673,"original":"CONVERT"},{"tag":"properti","count":1614,"original":"Properties"},{"tag":"new","count":1545,"original":"NEW"},{"tag":"dom","count":1545,"original":"dom"},{"tag":"detect","count":1456,"original":"detecting"},{"tag":"remov","count":1454,"original":"Removing"},{"tag":"add","count":1446,"original":"add"},{"tag":"test","count":1442,"original":"TEST"},{"tag":"button","count":1440,"original":"Buttons"},{"tag":"method","count":1412,"original":"Methods"},{"tag":"number","count":1402,"original":"Numbers"},{"tag":"code","count":1392,"original":"Code"},{"tag":"date","count":1386,"original":"Dates"},{"tag":"name","count":1377,"original":"NAME"},{"tag":"es6","count":1347,"original":"Es6"},{"tag":"class","count":1346,"original":"Classes"},{"tag":"typescript","count":1292,"original":"typeScript"},{"tag":"best","count":1284,"original":"BEST"},{"tag":"dynam","count":1280,"original":"Dynamic"},{"tag":"pass","count":1252,"original":"Passing"},{"tag":"disabl","count":1246,"original":"DISABLE"},{"tag":"show","count":1233,"original":"SHOW"},{"tag":"access","count":1228,"original":"Accessing"},{"tag":"onclick","count":1192,"original":"OnClick"},{"tag":"php","count":1156,"original":"PhP"},{"tag":"find","count":1146,"original":"finding"},{"tag":"option","count":1128,"original":"OPTIONs"},{"tag":"backbon","count":1125,"original":"BackBone"},{"tag":"regex","count":1124,"original":"REGEX"},{"tag":"net","count":1116,"original":"NEt"},{"tag":"request","count":1096,"original":"Requests"},{"tag":"compon","count":1092,"original":"Components"},{"tag":"line","count":1091,"original":"LINE"},{"tag":"kei","count":1086,"original":"Keys"},{"tag":"express","count":1082,"original":"EXPRESS"},{"tag":"scroll","count":1056,"original":"Scrolling"},{"tag":"web","count":1044,"original":"Web"},{"tag":"http","count":1017,"original":"Http"},{"tag":"firefox","count":1008,"original":"FireFox"},{"tag":"content","count":992,"original":"Contents"},{"tag":"tag","count":984,"original":"Tags"},{"tag":"nativ","count":984,"original":"NATIVE"},{"tag":"type","count":982,"original":"Types"},{"tag":"document","count":980,"original":"Document"},{"tag":"link","count":978,"original":"LINK"},{"tag":"time","count":976,"original":"Time"},{"tag":"charact","count":966,"original":"CHARACTER"},{"tag":"xmlhttprequest","count":966,"original":"XMLHTTPREQUEST"},{"tag":"callback","count":963,"original":"callBack"},{"tag":"undefin","count":948,"original":"Undefined"},{"tag":"canva","count":942,"original":"Canvas"},{"tag":"attribut","count":928,"original":"Attribute"},{"tag":"app","count":928,"original":"apps"},{"tag":"textarea","count":920,"original":"TextArea"},{"tag":"possibl","count":914,"original":"Possible"},{"tag":"modul","count":906,"original":"Modules"},{"tag":"promis","count":902,"original":"Promises"},{"tag":"reactj","count":888,"original":"reactJs"},{"tag":"user","count":878,"original":"Users"},{"tag":"run","count":876,"original":"running"},{"tag":"webpack","count":867,"original":"WebPack"},{"tag":"mobil","count":858,"original":"MOBILE"},{"tag":"tabl","count":852,"original":"TABLE"},{"tag":"render","count":852,"original":"RENDER"},{"tag":"two","count":848,"original":"Two"},{"tag":"svg","count":843,"original":"Svg"},{"tag":"tab","count":823,"original":"TAB"},{"tag":"paramet","count":806,"original":"Parameter"},{"tag":"singl","count":804,"original":"SINGLE"},{"tag":"current","count":795,"original":"CURRENT"},{"tag":"post","count":795,"original":"Post"},{"tag":"server","count":788,"original":"Server"},{"tag":"doesn","count":782,"original":"Doesn"},{"tag":"null","count":762,"original":"NULL"},{"tag":"child","count":759,"original":"CHILD"},{"tag":"custom","count":740,"original":"Custom"},{"tag":"default","count":732,"original":"DEFAULT"},{"tag":"open","count":726,"original":"open"},{"tag":"requirej","count":726,"original":"requireJs"},{"tag":"loop","count":724,"original":"loop"},{"tag":"valid","count":718,"original":"Valid"},{"tag":"field","count":716,"original":"Fields"},{"tag":"control","count":712,"original":"Controller"},{"tag":"prevent","count":710,"original":"Prevent"},{"tag":"defin","count":708,"original":"Defined"},{"tag":"local","count":705,"original":"LOCAL"},{"tag":"execut","count":698,"original":"Execution"},{"tag":"consol","count":688,"original":"Console"},{"tag":"view","count":686,"original":"Views"},{"tag":"width","count":678,"original":"WIDTH"},{"tag":"asp","count":675,"original":"Asp"},{"tag":"client","count":664,"original":"Client"},{"tag":"size","count":663,"original":"SIZE"},{"tag":"get","count":662,"original":"getting"},{"tag":"read","count":654,"original":"Reading"},{"tag":"via","count":648,"original":"Via"},{"tag":"librari","count":648,"original":"Libraries"},{"tag":"list","count":644,"original":"List"},{"tag":"settimeout","count":640,"original":"SetTimeout"},{"tag":"async","count":639,"original":"ASYNC"},{"tag":"within","count":638,"original":"Within"},{"tag":"updat","count":628,"original":"updating"},{"tag":"video","count":627,"original":"VIDEO"},{"tag":"bind","count":620,"original":"Bind"},{"tag":"templat","count":612,"original":"Templates"},{"tag":"posit","count":600,"original":"Position"},{"tag":"mongodb","count":595,"original":"MongoDb"},{"tag":"applic","count":592,"original":"Applications"},{"tag":"displai","count":588,"original":"Display"},{"tag":"parent","count":586,"original":"Parent"},{"tag":"exist","count":582,"original":"Existing"},{"tag":"handl","count":574,"original":"Handling"},{"tag":"specif","count":568,"original":"Specific"},{"tag":"checkbox","count":567,"original":"CheckBoxes"},{"tag":"chart","count":566,"original":"charts"},{"tag":"mous","count":561,"original":"MOUSE"},{"tag":"direct","count":560,"original":"Directives"},{"tag":"pars","count":558,"original":"parsing"},{"tag":"safari","count":558,"original":"safari"},{"tag":"replac","count":556,"original":"Replace"},{"tag":"path","count":552,"original":"Path"},{"tag":"amp","count":550,"original":"AMP"},{"tag":"requir","count":543,"original":"REQUIRE"},{"tag":"item","count":538,"original":"Items"},{"tag":"format","count":538,"original":"Formatting"},{"tag":"base","count":538,"original":"Based"},{"tag":"router","count":536,"original":"Router"},{"tag":"match","count":535,"original":"MATCH"},{"tag":"side","count":534,"original":"Side"},{"tag":"prototyp","count":530,"original":"Prototype"},{"tag":"argument","count":524,"original":"Arguments"},{"tag":"jslint","count":522,"original":"jsLint"},{"tag":"state","count":522,"original":"State"},{"tag":"mean","count":516,"original":"Mean"},{"tag":"cooki","count":515,"original":"COOKIES"},{"tag":"fire","count":510,"original":"Fired"},{"tag":"support","count":508,"original":"Supported"},{"tag":"statement","count":507,"original":"STATEMENT"},{"tag":"mvc","count":507,"original":"Mvc"},{"tag":"instead","count":504,"original":"Instead"},{"tag":"trigger","count":503,"original":"triggered"},{"tag":"first","count":502,"original":"First"},{"tag":"model","count":502,"original":"Model"},{"tag":"hide","count":498,"original":"Hide"},{"tag":"bodi","count":498,"original":"Body"},{"tag":"send","count":496,"original":"sending"},{"tag":"uncaught","count":496,"original":"uncaught"},{"tag":"order","count":486,"original":"ORDER"},{"tag":"submit","count":484,"original":"Submit"},{"tag":"extens","count":482,"original":"Extension"},{"tag":"write","count":480,"original":"Write"},{"tag":"dropdown","count":477,"original":"DropDown"},{"tag":"header","count":476,"original":"Header"},{"tag":"cross","count":472,"original":"cross"},{"tag":"close","count":469,"original":"CLOSING"},{"tag":"localstorag","count":468,"original":"Localstorage"},{"tag":"top","count":462,"original":"Top"},{"tag":"nest","count":462,"original":"Nested"},{"tag":"upload","count":460,"original":"Upload"},{"tag":"typeerror","count":458,"original":"typeerror"},{"tag":"empti","count":456,"original":"Empty"},{"tag":"vuej","count":455,"original":"vueJS"},{"tag":"box","count":452,"original":"Box"},{"tag":"equival","count":450,"original":"Equivalent"},{"tag":"android","count":450,"original":"android"},{"tag":"scope","count":448,"original":"Scope"},{"tag":"redux","count":446,"original":"redux"},{"tag":"contain","count":444,"original":"CONTAINS"},{"tag":"index","count":444,"original":"Index"},{"tag":"height","count":442,"original":"Height"},{"tag":"fail","count":442,"original":"Fails"},{"tag":"sort","count":440,"original":"sorting"},{"tag":"anim","count":434,"original":"Animation"},{"tag":"dialog","count":432,"original":"DIalog"},{"tag":"style","count":430,"original":"Style"},{"tag":"resiz","count":429,"original":"RESIZE"},{"tag":"contentedit","count":428,"original":"Contenteditable"},{"tag":"perform","count":428,"original":"Performance"},{"tag":"end","count":426,"original":"END"},{"tag":"space","count":423,"original":"SPACE"},{"tag":"focu","count":420,"original":"Focus"},{"tag":"plugin","count":420,"original":"Plugin"},{"tag":"tinymc","count":420,"original":"tinyMce"},{"tag":"includ","count":416,"original":"Including"},{"tag":"handler","count":412,"original":"Handlers"},{"tag":"true","count":408,"original":"TRUE"},{"tag":"stop","count":408,"original":"stop"},{"tag":"gener","count":406,"original":"Generated"},{"tag":"global","count":406,"original":"Global"},{"tag":"audio","count":405,"original":"AUDIO"},{"tag":"allow","count":404,"original":"Allowed"},{"tag":"respons","count":400,"original":"Response"},{"tag":"ecmascript","count":400,"original":"Ecmascript"},{"tag":"implement","count":398,"original":"implementation"},{"tag":"debug","count":396,"original":"Debug"},{"tag":"delet","count":396,"original":"DELETE"},{"tag":"pdf","count":396,"original":"Pdf"},{"tag":"modal","count":396,"original":"Modal"},{"tag":"extj","count":395,"original":"ExtJs"},{"tag":"npm","count":393,"original":"Npm"},{"tag":"good","count":393,"original":"GOOD"},{"tag":"filter","count":392,"original":"Filter"},{"tag":"href","count":390,"original":"HREF"},{"tag":"practic","count":389,"original":"PRACTICES"},{"tag":"firebas","count":387,"original":"FireBase"},{"tag":"result","count":386,"original":"Results"},{"tag":"locat","count":380,"original":"Location"},{"tag":"iphon","count":380,"original":"IPhone"},{"tag":"background","count":378,"original":"Background"},{"tag":"color","count":378,"original":"Color"},{"tag":"vue","count":378,"original":"vue"},{"tag":"src","count":378,"original":"SRC"},{"tag":"non","count":376,"original":"Non"},{"tag":"highchart","count":372,"original":"HighCharts"},{"tag":"websocket","count":372,"original":"webSocket"},{"tag":"twitter","count":370,"original":"twitter"},{"tag":"coffeescript","count":368,"original":"coffeeScript"},{"tag":"syntax","count":366,"original":"Syntax"},{"tag":"log","count":366,"original":"Log"},{"tag":"extern","count":362,"original":"External"},{"tag":"outsid","count":360,"original":"OUTSIDE"},{"tag":"back","count":358,"original":"Back"},{"tag":"row","count":356,"original":"Rows"},{"tag":"hidden","count":354,"original":"HIdden"},{"tag":"regular","count":354,"original":"Regular"},{"tag":"jasmin","count":354,"original":"jasmine"},{"tag":"catch","count":351,"original":"CATCH"},{"tag":"memori","count":350,"original":"Memory"},{"tag":"point","count":350,"original":"Points"},{"tag":"arrow","count":348,"original":"ARROW"},{"tag":"refresh","count":344,"original":"Refresh"},{"tag":"rout","count":344,"original":"Routes"},{"tag":"innerhtml","count":344,"original":"innerhtml"},{"tag":"issu","count":344,"original":"Issue"},{"tag":"determin","count":342,"original":"Determine"},{"tag":"phantomj","count":340,"original":"phantomJS"},{"tag":"three","count":339,"original":"Three"},{"tag":"youtub","count":339,"original":"Youtube"},{"tag":"autocomplet","count":339,"original":"AutoComplete"},{"tag":"facebook","count":338,"original":"facebook"},{"tag":"getelementbyid","count":336,"original":"getElementbyId"},{"tag":"rail","count":334,"original":"rails"},{"tag":"save","count":334,"original":"Save"},{"tag":"just","count":333,"original":"JUST"},{"tag":"oper","count":332,"original":"Operator"},{"tag":"need","count":330,"original":"Need"},{"tag":"python","count":330,"original":"PYTHON"},{"tag":"onchang","count":328,"original":"ONCHANGE"},{"tag":"webview","count":328,"original":"webView"},{"tag":"dai","count":326,"original":"Days"},{"tag":"drop","count":324,"original":"Drop"},{"tag":"invalid","count":324,"original":"INVALID"},{"tag":"forc","count":324,"original":"Force"},{"tag":"action","count":324,"original":"ACTION"},{"tag":"sourc","count":324,"original":"Source"},{"tag":"foreach","count":321,"original":"ForEach"},{"tag":"queri","count":320,"original":"Query"},{"tag":"put","count":318,"original":"PUT"},{"tag":"enter","count":318,"original":"ENTER"},{"tag":"jshint","count":318,"original":"jsHint"},{"tag":"refer","count":316,"original":"Reference"},{"tag":"import","count":316,"original":"Import"},{"tag":"lodash","count":315,"original":"LoDash"},{"tag":"onc","count":315,"original":"ONCE"},{"tag":"rxj","count":315,"original":"Rxjs"},{"tag":"screen","count":314,"original":"Screen"},{"tag":"datepick","count":312,"original":"datepicker"},{"tag":"search","count":312,"original":"Search"},{"tag":"simpl","count":310,"original":"Simple"},{"tag":"down","count":308,"original":"Down"},{"tag":"fix","count":306,"original":"Fix"},{"tag":"marker","count":306,"original":"Markers"},{"tag":"servic","count":306,"original":"Service"},{"tag":"programmat","count":306,"original":"programmatically"},{"tag":"domain","count":304,"original":"Domain"},{"tag":"moment","count":302,"original":"moment"},{"tag":"connect","count":300,"original":"Connect"},{"tag":"last","count":298,"original":"Last"},{"tag":"alert","count":296,"original":"Alert"},{"tag":"setinterv","count":294,"original":"setinterval"},{"tag":"internet","count":294,"original":"internet"},{"tag":"origin","count":292,"original":"Origin"},{"tag":"pure","count":291,"original":"PURE"},{"tag":"bar","count":290,"original":"Bar"},{"tag":"column","count":290,"original":"Column"},{"tag":"java","count":288,"original":"java"},{"tag":"datat","count":288,"original":"Datatables"},{"tag":"pattern","count":288,"original":"Pattern"},{"tag":"jest","count":285,"original":"JEST"},{"tag":"break","count":284,"original":"Breaks"},{"tag":"meteor","count":284,"original":"meteor"},{"tag":"drag","count":284,"original":"Drag"},{"tag":"knockout","count":282,"original":"Knockout"},{"tag":"selector","count":280,"original":"Selector"},{"tag":"alreadi","count":279,"original":"ALREADY"},{"tag":"length","count":278,"original":"length"},{"tag":"readi","count":278,"original":"Ready"},{"tag":"assign","count":278,"original":"Assignment"},{"tag":"underscor","count":276,"original":"Underscore"},{"tag":"phonegap","count":276,"original":"phonegap"},{"tag":"angular2","count":274,"original":"Angular2"},{"tag":"cursor","count":272,"original":"cursor"},{"tag":"listen","count":272,"original":"Listen"},{"tag":"download","count":270,"original":"Download"},{"tag":"wait","count":270,"original":"wait"},{"tag":"store","count":270,"original":"Store"},{"tag":"gulp","count":270,"original":"gulp"},{"tag":"explor","count":270,"original":"explorer"},{"tag":"copi","count":268,"original":"Copy"},{"tag":"bottom","count":267,"original":"BOTTOM"},{"tag":"repeat","count":266,"original":"repeat"},{"tag":"reload","count":264,"original":"Reload"},{"tag":"print","count":262,"original":"Print"},{"tag":"collect","count":262,"original":"Collection"},{"tag":"socket","count":262,"original":"Socket"},{"tag":"cach","count":260,"original":"Cache"},{"tag":"fals","count":258,"original":"False"},{"tag":"everi","count":256,"original":"Every"},{"tag":"second","count":256,"original":"Second"},{"tag":"draw","count":256,"original":"Drawing"},{"tag":"redirect","count":254,"original":"Redirect"},{"tag":"unexpect","count":254,"original":"Unexpected"},{"tag":"websit","count":254,"original":"Website"},{"tag":"popup","count":254,"original":"Popup"},{"tag":"mode","count":254,"original":"Mode"},{"tag":"keypress","count":252,"original":"keyPress"},{"tag":"messag","count":252,"original":"Message"},{"tag":"fetch","count":252,"original":"fetch"},{"tag":"inlin","count":252,"original":"Inline"},{"tag":"hash","count":250,"original":"Hash"},{"tag":"font","count":249,"original":"FONT"},{"tag":"version","count":246,"original":"Version"},{"tag":"develop","count":246,"original":"Development"},{"tag":"move","count":246,"original":"Moving"},{"tag":"auto","count":246,"original":"Auto"},{"tag":"blob","count":243,"original":"BLOB"},{"tag":"cor","count":243,"original":"Cors"},{"tag":"asynchron","count":242,"original":"Asynchronous"},{"tag":"insert","count":242,"original":"Insert"},{"tag":"export","count":242,"original":"Export"},{"tag":"var","count":240,"original":"Var"},{"tag":"clear","count":240,"original":"Clear"},{"tag":"even","count":240,"original":"EVEN"},{"tag":"doubl","count":238,"original":"Double"},{"tag":"right","count":236,"original":"Right"},{"tag":"token","count":236,"original":"Token"},{"tag":"keep","count":236,"original":"Keep"},{"tag":"append","count":232,"original":"Append"},{"tag":"tool","count":232,"original":"tools"},{"tag":"found","count":231,"original":"FOUND"},{"tag":"split","count":230,"original":"Split"},{"tag":"context","count":230,"original":"Context"},{"tag":"onload","count":228,"original":"Onload"},{"tag":"automat","count":226,"original":"automatically"},{"tag":"declar","count":224,"original":"Declaration"},{"tag":"alwai","count":224,"original":"Always"},{"tag":"resourc","count":224,"original":"Resource"},{"tag":"correct","count":222,"original":"Correct"},{"tag":"except","count":222,"original":"EXCEPTION"},{"tag":"textbox","count":222,"original":"TextBox"},{"tag":"anonym","count":220,"original":"Anonymous"},{"tag":"next","count":220,"original":"Next"},{"tag":"tooltip","count":219,"original":"ToolTip"},{"tag":"certain","count":218,"original":"Certain"},{"tag":"condit","count":218,"original":"Condition"},{"tag":"eslint","count":216,"original":"EsLint"},{"tag":"keyboard","count":216,"original":"Keyboard"},{"tag":"jsx","count":213,"original":"Jsx"},{"tag":"real","count":213,"original":"REAL"},{"tag":"proper","count":213,"original":"PROPER"},{"tag":"random","count":212,"original":"Random"},{"tag":"build","count":212,"original":"Build"},{"tag":"addeventlisten","count":210,"original":"AddEventListener"},{"tag":"webkit","count":210,"original":"Webkit"},{"tag":"grid","count":210,"original":"Grid"},{"tag":"timestamp","count":208,"original":"timeStamp"},{"tag":"exampl","count":208,"original":"Example"},{"tag":"know","count":208,"original":"Know"},{"tag":"radio","count":208,"original":"Radio"},{"tag":"larg","count":208,"original":"Large"},{"tag":"mongoos","count":208,"original":"mongoose"},{"tag":"framework","count":208,"original":"Framework"},{"tag":"warn","count":207,"original":"WARNING"},{"tag":"avoid","count":206,"original":"Avoid"},{"tag":"babel","count":206,"original":"babel"},{"tag":"output","count":206,"original":"Output"},{"tag":"appli","count":204,"original":"Apply"},{"tag":"uniqu","count":204,"original":"UNIQUE"},{"tag":"unit","count":204,"original":"Unit"},{"tag":"firebug","count":204,"original":"firebug"},{"tag":"datetim","count":204,"original":"Datetime"},{"tag":"zoom","count":202,"original":"zoom"},{"tag":"instanc","count":200,"original":"Instance"},{"tag":"given","count":200,"original":"Given"},{"tag":"editor","count":198,"original":"Editor"},{"tag":"prop","count":196,"original":"Props"},{"tag":"properli","count":196,"original":"Properly"},{"tag":"head","count":195,"original":"Head"},{"tag":"project","count":194,"original":"Project"},{"tag":"will","count":194,"original":"Will"},{"tag":"static","count":192,"original":"static"},{"tag":"ember","count":192,"original":"ember"},{"tag":"better","count":190,"original":"Better"},{"tag":"grunt","count":190,"original":"grunt"},{"tag":"ie8","count":190,"original":"ie8"},{"tag":"push","count":190,"original":"Push"},{"tag":"closur","count":188,"original":"Closure"},{"tag":"bad","count":188,"original":"Bad"},{"tag":"case","count":188,"original":"Case"},{"tag":"await","count":188,"original":"Await"},{"tag":"strict","count":186,"original":"Strict"},{"tag":"rang","count":186,"original":"Range"},{"tag":"session","count":186,"original":"SESSION"},{"tag":"regexp","count":186,"original":"regexp"},{"tag":"menu","count":186,"original":"Menu"},{"tag":"slow","count":186,"original":"Slow"},{"tag":"count","count":184,"original":"Count"},{"tag":"ipad","count":183,"original":"IPad"},{"tag":"children","count":182,"original":"Children"},{"tag":"anchor","count":182,"original":"Anchor"},{"tag":"long","count":182,"original":"Long"},{"tag":"integ","count":180,"original":"Integer"},{"tag":"stack","count":180,"original":"stack"},{"tag":"watch","count":180,"original":"watch"},{"tag":"touch","count":178,"original":"Touch"},{"tag":"timeout","count":177,"original":"Timeout"},{"tag":"unknown","count":177,"original":"UNKNOWN"},{"tag":"visibl","count":174,"original":"Visible"},{"tag":"full","count":174,"original":"Full"},{"tag":"resolv","count":174,"original":"Resolve"},{"tag":"axi","count":174,"original":"Axis"},{"tag":"start","count":172,"original":"Start"},{"tag":"tell","count":172,"original":"Tell"},{"tag":"target","count":172,"original":"target"},{"tag":"binari","count":171,"original":"BINARY"},{"tag":"someth","count":170,"original":"Something"},{"tag":"enabl","count":170,"original":"Enable"},{"tag":"captur","count":170,"original":"capture"},{"tag":"referenceerror","count":170,"original":"referenceerror"},{"tag":"block","count":170,"original":"Block"},{"tag":"delai","count":168,"original":"Delay"},{"tag":"liter","count":168,"original":"Literal"},{"tag":"base64","count":166,"original":"base64"},{"tag":"graph","count":166,"original":"graph"},{"tag":"inherit","count":164,"original":"Inheritance"},{"tag":"behavior","count":164,"original":"Behavior"},{"tag":"mocha","count":164,"original":"mocha"},{"tag":"word","count":164,"original":"Word"},{"tag":"exactli","count":162,"original":"Exactly"},{"tag":"timezon","count":162,"original":"timeZone"},{"tag":"rel","count":162,"original":"Relative"},{"tag":"overrid","count":160,"original":"Override"},{"tag":"tree","count":160,"original":"Tree"},{"tag":"titl","count":158,"original":"Title"},{"tag":"calcul","count":156,"original":"calculate"},{"tag":"wrong","count":156,"original":"Wrong"},{"tag":"keyword","count":154,"original":"Keyword"},{"tag":"multi","count":154,"original":"Multi"},{"tag":"toggl","count":154,"original":"Toggle"},{"tag":"webpag","count":152,"original":"Webpage"},{"tag":"address","count":152,"original":"Address"},{"tag":"languag","count":152,"original":"Language"},{"tag":"don","count":152,"original":"Don"},{"tag":"activ","count":152,"original":"Active"},{"tag":"storag","count":152,"original":"Storage"},{"tag":"understand","count":152,"original":"understanding"},{"tag":"correctli","count":150,"original":"Correctly"},{"tag":"stringifi","count":150,"original":"Stringify"},{"tag":"layout","count":150,"original":"Layout"},{"tag":"boolean","count":148,"original":"Boolean"},{"tag":"isn","count":148,"original":"Isn"},{"tag":"structur","count":148,"original":"Structure"},{"tag":"unabl","count":148,"original":"unable"},{"tag":"label","count":148,"original":"Label"},{"tag":"switch","count":146,"original":"switch"},{"tag":"handlebar","count":146,"original":"Handlebars"},{"tag":"faster","count":146,"original":"Faster"},{"tag":"observ","count":146,"original":"observable"},{"tag":"command","count":144,"original":"Command"},{"tag":"maximum","count":144,"original":"maximum"},{"tag":"off","count":142,"original":"Off"},{"tag":"directori","count":142,"original":"Directory"},{"tag":"comma","count":142,"original":"Comma"},{"tag":"left","count":142,"original":"Left"},{"tag":"equal","count":142,"original":"Equal"},{"tag":"engin","count":142,"original":"Engine"},{"tag":"coordin","count":142,"original":"Coordinates"},{"tag":"let","count":140,"original":"Let"},{"tag":"decim","count":140,"original":"Decimal"},{"tag":"sign","count":140,"original":"Sign"},{"tag":"level","count":140,"original":"Level"},{"tag":"month","count":138,"original":"Month"},{"tag":"around","count":138,"original":"Around"},{"tag":"eval","count":138,"original":"Eval"},{"tag":"reset","count":138,"original":"Reset"},{"tag":"part","count":138,"original":"Part"},{"tag":"karma","count":138,"original":"karma"},{"tag":"scale","count":138,"original":"Scale"},{"tag":"iter","count":136,"original":"iterate"},{"tag":"escap","count":136,"original":"Escape"},{"tag":"extend","count":136,"original":"Extend"},{"tag":"authent","count":136,"original":"Authentication"},{"tag":"effect","count":136,"original":"Effect"},{"tag":"compar","count":134,"original":"compare"},{"tag":"max","count":134,"original":"Max"},{"tag":"databas","count":134,"original":"Database"},{"tag":"modifi","count":132,"original":"Modify"},{"tag":"self","count":132,"original":"Self"},{"tag":"plain","count":130,"original":"Plain"},{"tag":"transform","count":130,"original":"Transform"},{"tag":"system","count":130,"original":"system"},{"tag":"packag","count":128,"original":"Package"},{"tag":"frame","count":128,"original":"Frame"},{"tag":"math","count":128,"original":"Math"},{"tag":"entir","count":128,"original":"Entire"},{"tag":"duplic","count":126,"original":"Duplicate"},{"tag":"login","count":126,"original":"Login"},{"tag":"complet","count":126,"original":"Complete"},{"tag":"try","count":126,"original":"Trying"},{"tag":"center","count":124,"original":"Center"},{"tag":"chain","count":124,"original":"Chain"},{"tag":"privat","count":124,"original":"Private"},{"tag":"bug","count":124,"original":"Bug"},{"tag":"basic","count":124,"original":"Basic"},{"tag":"deep","count":122,"original":"Deep"},{"tag":"purpos","count":122,"original":"Purpose"},{"tag":"extract","count":122,"original":"Extract"},{"tag":"django","count":122,"original":"django"},{"tag":"success","count":118,"original":"Success"},{"tag":"flow","count":118,"original":"Flow"},{"tag":"area","count":118,"original":"area"},{"tag":"compil","count":118,"original":"Compile"},{"tag":"devic","count":116,"original":"Device"},{"tag":"process","count":116,"original":"Process"},{"tag":"share","count":116,"original":"share"},{"tag":"els","count":116,"original":"Else"},{"tag":"live","count":116,"original":"Live"},{"tag":"effici","count":114,"original":"Efficient"},{"tag":"clone","count":114,"original":"Clone"},{"tag":"retriev","count":112,"original":"retrieve"},{"tag":"synchron","count":112,"original":"Synchronous"},{"tag":"simul","count":112,"original":"Simulate"},{"tag":"clipboard","count":110,"original":"Clipboard"},{"tag":"associ","count":110,"original":"Associative"},{"tag":"partial","count":110,"original":"Partial"},{"tag":"folder","count":110,"original":"Folder"},{"tag":"rubi","count":110,"original":"ruby"},{"tag":"merg","count":108,"original":"Merge"},{"tag":"miss","count":108,"original":"Missing"},{"tag":"viewport","count":106,"original":"Viewport"},{"tag":"instal","count":106,"original":"Install"},{"tag":"track","count":106,"original":"Track"},{"tag":"realli","count":106,"original":"Really"},{"tag":"polici","count":104,"original":"Policy"},{"tag":"fastest","count":104,"original":"fastest"},{"tag":"password","count":104,"original":"Password"},{"tag":"defer","count":104,"original":"deferred"},{"tag":"selenium","count":104,"original":"Selenium"},{"tag":"place","count":102,"original":"Place"},{"tag":"debugg","count":102,"original":"Debugger"},{"tag":"desktop","count":102,"original":"Desktop"},{"tag":"past","count":102,"original":"Paste"},{"tag":"comparison","count":100,"original":"Comparison"},{"tag":"previou","count":100,"original":"Previous"},{"tag":"csv","count":100,"original":"CSV"},{"tag":"runtim","count":100,"original":"Runtime"},{"tag":"whether","count":97,"original":"whether"},{"tag":"syntaxerror","count":67,"original":"SyntaxError"},{"tag":"etc","count":64,"original":"etc"},{"tag":"similar","count":52,"original":"similar"},{"tag":"constructor","count":"function Object() { [native code] }172","original":"Constructor"},{"tag":"ckeditor","count":232,"original":"CKeditor"},{"tag":"hover","count":216,"original":"hover"},{"tag":"img","count":213,"original":"IMG"},{"tag":"histori","count":212,"original":"History"},{"tag":"dev","count":198,"original":"DEV"},{"tag":"group","count":195,"original":"GROUP"},{"tag":"protractor","count":192,"original":"protractor"},{"tag":"altern","count":180,"original":"Alternative"},{"tag":"avail","count":178,"original":"Available"},{"tag":"analyt","count":176,"original":"analytics"},{"tag":"visual","count":174,"original":"visual"},{"tag":"expect","count":170,"original":"Expected"},{"tag":"site","count":170,"original":"Site"},{"tag":"studio","count":168,"original":"studio"},{"tag":"plai","count":166,"original":"Play"},{"tag":"ionic","count":156,"original":"IONIC"},{"tag":"xml","count":154,"original":"xml"},{"tag":"less","count":153,"original":"Less"},{"tag":"limit","count":150,"original":"Limit"},{"tag":"transit","count":148,"original":"Transition"},{"tag":"statu","count":144,"original":"Status"},{"tag":"make","count":142,"original":"making"},{"tag":"progress","count":134,"original":"Progress"},{"tag":"stream","count":134,"original":"Stream"},{"tag":"worker","count":134,"original":"Worker"},{"tag":"leaflet","count":130,"original":"leaflet"},{"tag":"inject","count":130,"original":"Inject"},{"tag":"cancel","count":128,"original":"cancel"},{"tag":"select2","count":128,"original":"select2"},{"tag":"cordova","count":126,"original":"Cordova"},{"tag":"secur","count":124,"original":"security"},{"tag":"design","count":122,"original":"Design"},{"tag":"browserifi","count":122,"original":"browserify"},{"tag":"css3","count":120,"original":"css3"},{"tag":"navig","count":120,"original":"Navigation"},{"tag":"confirm","count":120,"original":"Confirm"},{"tag":"ie9","count":118,"original":"ie9"},{"tag":"mock","count":118,"original":"Mock"},{"tag":"highlight","count":112,"original":"highlight"},{"tag":"won","count":112,"original":"Won"},{"tag":"emb","count":112,"original":"Embed"},{"tag":"twice","count":112,"original":"Twice"},{"tag":"overflow","count":110,"original":"Overflow"},{"tag":"usag","count":108,"original":"usage"},{"tag":"ignor","count":106,"original":"ignore"},{"tag":"electron","count":106,"original":"Electron"},{"tag":"icon","count":104,"original":"Icon"},{"tag":"ie11","count":104,"original":"ie11"},{"tag":"depend","count":104,"original":"Dependencies"},{"tag":"materi","count":104,"original":"Material"},{"tag":"problem","count":104,"original":"problem"},{"tag":"carousel","count":102,"original":"Carousel"},{"tag":"wrap","count":102,"original":"Wrap"},{"tag":"main","count":102,"original":"Main"},{"tag":"config","count":100,"original":"Config"},{"tag":"network","count":100,"original":"network"},{"tag":"whole","count":61,"original":"whole"},{"tag":"throw","count":50,"original":"throw"}]