{"10":79,"11":71,"39":3357,"redirect":127,"webpage":76,"JavaScript":11659,"work":520,"check":736,"whether":97,"string":1308,"contains":104,"element":1558,"hidden":118,"jQuery":4351,"quot":1892,"use":1502,"strict":93,"remove":622,"array":1647,"var":120,"function":2184,"vs":784,"operator":166,"used":180,"property":564,"object":1913,"efficient":57,"deep":61,"clone":57,"return":436,"response":200,"asynchronous":121,"call":654,"include":157,"file":1255,"AngularJS":1277,"background":189,"href":130,"value":1154,"links":81,"javascript":11659,"Setting":194,"checked":70,"checkbox":136,"difference":646,"using":3510,"let":70,"Google":1063,"JSON":870,"validate":100,"address":76,"replace":278,"timestamp":52,"Create":635,"first":251,"copy":134,"clipboard":55,"apply":102,"append":116,"something":85,"event":1426,"false":129,"upload":230,"files":528,"correctly":75,"current":265,"URL":602,"Loop":362,"query":160,"values":436,"not":2706,"possible":457,"CSS":750,"character":186,"Detecting":107,"undefined":474,"closure":94,"inside":620,"simple":155,"example":104,"exists":127,"change":804,"class":562,"Checking":96,"key":390,"loop":362,"know":104,"radio":104,"button":632,"selected":229,"via":324,"insert":121,"item":165,"specific":284,"index":222,"empty":228,"null":254,"amp":275,"true":136,"test":312,"Objects":552,"HTML5":650,"localStorage":117,"Validate":100,"decimal":70,"numbers":186,"Sort":152,"objects":552,"refresh":172,"page":1244,"Add":723,"table":284,"row":107,"detect":621,"click":721,"outside":120,"Creating":208,"strings":167,"Node":1212,"js":3856,"Set":791,"default":244,"parameter":196,"merge":54,"properties":243,"two":424,"dynamically":400,"text":990,"drop":162,"down":154,"list":322,"select":540,"box":226,"children":91,"selector":140,"convert":493,"boolean":74,"pass":405,"command":72,"line":311,"arguments":164,"Disable":362,"enable":85,"input":804,"Length":139,"scroll":351,"modify":66,"without":817,"print":131,"created":94,"date":611,"prototype":265,"multiple":793,"classes":111,"data":1021,"binding":147,"syntax":183,"scope":224,"variables":315,"version":123,"determine":171,"variable":681,"double":119,"single":268,"quotes":67,"size":221,"screen":157,"web":522,"browser":950,"window":782,"document":490,"ready":139,"equivalent":225,"Open":363,"new":515,"tab":207,"String":1308,"Format":218,"Iterate":68,"Ajax":843,"requests":120,"update":224,"package":64,"json":870,"off":71,"last":149,"random":106,"whole":61,"range":93,"npm":131,"Event":1426,"elements":623,"bad":94,"format":218,"keyword":77,"Facebook":169,"disable":362,"Developer":70,"Tools":116,"Compare":67,"dates":82,"Parse":192,"Copy":134,"move":73,"Difference":646,"Convert":493,"form":624,"dropdown":159,"TypeScript":323,"place":51,"integer":90,"Differences":64,"lodash":105,"underscore":138,"debug":114,"applications":50,"defined":263,"Generate":129,"number":515,"best":428,"mobile":286,"device":58,"purpose":61,"div":760,"Scroll":351,"top":154,"plain":65,"characters":204,"Check":736,"display":294,"Writing":52,"post":265,"request":428,"submit":242,"add":723,"Javascript":11659,"find":500,"formatting":51,"count":92,"keys":153,"escape":68,"instead":252,"module":327,"image":686,"put":106,"lt":625,"script":564,"gt":640,"tags":138,"HTML":1548,"Find":500,"id":281,"origin":146,"policy":52,"Chrome":1065,"options":144,"JS":3856,"delete":132,"Determine":171,"Retrieve":56,"position":300,"invalid":108,"Date":611,"instance":100,"reference":158,"language":76,"Array":1647,"forEach":107,"calling":208,"break":88,"Stop":204,"setInterval":98,"don":76,"self":66,"closing":57,"case":94,"Trigger":225,"Enter":106,"mean":172,"option":184,"tag":354,"access":491,"regular":177,"expression":229,"correct":111,"callback":269,"onload":76,"set":791,"cookie":118,"DOM":515,"focus":210,"Read":274,"Sorting":68,"arrays":199,"duplicate":63,"items":104,"synchronous":56,"Redux":223,"name":373,"type":425,"parameters":207,"Pure":97,"Remove":622,"unique":68,"eslint":54,"visible":87,"scrolling":177,"Safari":279,"iOS":186,"caching":50,"ajax":843,"results":91,"angular":1111,"route":114,"ui":403,"router":268,"jquery":4351,"map":384,"Not":2706,"Found":77,"given":100,"create":635,"Selected":229,"Option":184,"Dropdown":159,"inheritance":82,"right":118,"start":86,"sign":70,"html":1548,"anchor":91,"fixed":84,"header":184,"one":497,"React":1220,"JSX":71,"bind":163,"isn":74,"time":400,"innerHTML":86,"declare":56,"Access":491,"Control":172,"Allow":152,"Origin":146,"execute":186,"valid":95,"force":162,"reload":132,"parse":192,"user":384,"Object":1913,"comparison":50,"JSLint":87,"Use":1502,"Converting":97,"Merge":54,"Getting":331,"ID":281,"fired":50,"go":66,"clear":120,"canvas":471,"within":319,"Working":669,"days":55,"Selecting":52,"Using":3510,"Canvas":471,"code":696,"AJAX":843,"tell":86,"viewport":53,"hide":249,"functions":432,"extend":68,"existing":83,"creating":208,"style":215,"added":74,"css":750,"compare":67,"Integer":90,"better":95,"RequireJS":121,"setTimeout":160,"prevent":355,"buttons":88,"link":272,"library":235,"Insert":121,"view":273,"controller":184,"Change":804,"names":77,"directory":71,"retrieve":56,"width":226,"height":221,"node":1212,"debugging":84,"accessing":123,"contents":77,"iframe":414,"action":108,"timeout":59,"process":58,"nested":231,"center":62,"DIV":760,"Best":428,"install":53,"memory":175,"download":135,"server":394,"field":252,"console":344,"require":181,"ES6":449,"import":158,"export":121,"hash":125,"Cross":236,"supported":57,"HTTP":305,"error":1007,"loading":320,"local":235,"allow":152,"unit":102,"tools":116,"props":98,"attribute":333,"read":274,"POST":265,"returns":155,"success":59,"Function":2184,"practices":57,"Keypress":63,"child":253,"bottom":89,"VS":784,"Base64":83,"File":1255,"Upload":230,"full":87,"log":183,"Return":436,"define":91,"images":185,"Include":157,"Console":344,"sort":152,"keyboard":108,"extract":61,"IE":340,"Firefox":336,"Static":96,"Adding":280,"max":67,"comma":71,"Capture":85,"pdf":132,"Changing":180,"source":162,"named":52,"async":213,"await":94,"open":363,"Bootstrap":626,"modal":198,"Asynchronous":121,"always":112,"show":351,"disabled":80,"three":113,"API":594,"promises":145,"implement":125,"Stack":90,"PHP":289,"developer":70,"once":105,"Maps":391,"v3":146,"Simple":155,"Multiple":793,"Marker":101,"Example":104,"method":528,"generate":129,"Wait":135,"Switch":73,"statement":135,"addEventListener":70,"onclick":298,"load":540,"Firebug":68,"similar":52,"Grunt":95,"NPM":131,"dialog":144,"no":306,"Self":66,"Dynamically":400,"custom":370,"attributes":131,"delay":84,"handler":145,"regex":281,"parent":293,"Updating":90,"bar":145,"previous":50,"promise":306,"chain":62,"Pass":405,"JQuery":4351,"non":188,"Testing":171,"audio":135,"Sending":76,"month":69,"associative":55,"client":332,"passing":221,"http":305,"Uncaught":248,"ReferenceError":85,"state":261,"changed":68,"resize":143,"Text":990,"anonymous":110,"multi":77,"left":71,"mouse":187,"Fastest":52,"getElementById":56,"around":69,"Moment":151,"transform":65,"ng":420,"Error":1007,"headers":54,"store":135,"generated":74,"every":128,"Angular":1111,"project":97,"location":190,"send":172,"cross":236,"domain":152,"Formatting":51,"exactly":54,"Repeat":133,"Character":186,"Times":88,"ECMAScript":80,"arrow":116,"Test":312,"active":76,"Graph":83,"onClick":298,"checking":96,"XmlHttpRequest":138,"allowed":50,"setting":194,"control":172,"Property":564,"Order":162,"directives":50,"loaded":198,"need":165,"flow":59,"SELECT":540,"certain":109,"Link":272,"external":181,"events":362,"eval":69,"stringify":75,"avoid":103,"TypeError":229,"structure":74,"tooltip":73,"timezone":54,"dynamic":240,"templates":71,"Native":328,"point":118,"Babel":103,"Detect":621,"Execute":186,"binary":57,"methods":178,"Prototype":265,"based":269,"content":419,"Data":1021,"split":115,"Local":235,"storage":76,"Session":62,"seconds":68,"title":79,"spaces":78,"trigger":225,"Class":562,"pure":97,"clicked":112,"Hash":125,"render":192,"service":153,"iterate":68,"properly":98,"breaks":54,"declaration":56,"working":669,"textarea":184,"writing":52,"missing":54,"stack":90,"throw":50,"exception":74,"Passing":221,"bootstrap":626,"Define":91,"global":203,"JSHint":53,"validation":164,"Require":181,"side":267,"handlebars":73,"conditional":57,"Send":172,"XMLHttpRequest":138,"urls":52,"Understanding":76,"Programmatically":153,"color":189,"private":62,"SVG":281,"Watch":90,"will":97,"bug":62,"write":188,"Jasmine":177,"context":115,"template":235,"csv":50,"message":126,"backbone":375,"Lodash":105,"assign":84,"Cursor":136,"Position":300,"Area":59,"Escape":68,"Maximum":72,"output":103,"Count":92,"Catch":117,"URLs":52,"length":139,"repeat":133,"frame":64,"redux":223,"markers":52,"Calculate":78,"next":110,"Rails":167,"base64":83,"Run":271,"clicking":99,"Move":73,"partial":55,"Frame":64,"detecting":107,"Binding":147,"Query":160,"removing":105,"textbox":74,"runtime":50,"fix":69,"listen":54,"nodejs":271,"debugger":51,"Print":131,"fields":106,"ReactJS":148,"called":151,"Height":221,"equal":71,"layout":75,"run":271,"scripts":108,"plugin":210,"webpack":289,"compile":59,"directive":230,"executing":66,"Gulp":135,"Regex":281,"space":89,"auto":123,"Fetch":126,"changes":157,"basic":62,"authentication":68,"Parsing":87,"unexpected":127,"token":118,"datetime":51,"Python":110,"different":256,"Split":115,"desktop":51,"nodes":61,"iPad":61,"Private":62,"Show":351,"filter":196,"differences":64,"watch":90,"Script":564,"Tag":354,"handle":176,"track":53,"onchange":82,"just":111,"callbacks":52,"Internet":147,"Explorer":135,"Twitter":185,"login":63,"Accessing":123,"Headers":54,"touch":89,"close":149,"listener":82,"Arrow":116,"large":104,"Functions":432,"Download":135,"UI":403,"DatePicker":104,"Resize":143,"RegExp":62,"List":322,"fails":74,"Random":106,"components":151,"Display":294,"marker":101,"math":64,"Directive":230,"Component":395,"Unable":74,"grunt":95,"Handle":176,"Blob":81,"Delete":132,"Target":86,"container":66,"Share":58,"practice":109,"Contains":104,"Re":82,"alert":148,"libraries":89,"toggle":77,"New":515,"model":251,"effect":68,"adding":280,"programmatically":153,"area":59,"Plugin":210,"webkit":70,"MEAN":172,"io":126,"override":80,"reset":69,"tree":80,"Equivalent":225,"Tabs":101,"Go":66,"Specific":284,"Tab":207,"Page":1244,"Reload":132,"Removing":105,"highcharts":124,"NOT":2706,"handling":111,"good":131,"animate":84,"part":69,"url":602,"HTTPS":51,"CoffeeScript":92,"Response":200,"doesn":391,"Center":62,"Zoom":101,"Map":384,"Markers":52,"literal":84,"contenteditable":107,"password":52,"Automatically":113,"Bottom":89,"Hidden":118,"Running":167,"App":410,"SyntaxError":67,"Unexpected":127,"Correct":111,"simulate":56,"stop":204,"Replace":278,"relative":81,"assignment":55,"Mongoose":104,"selecting":52,"Firebase":129,"complete":63,"even":80,"Prevent":355,"BODY":166,"Web":522,"Variables":315,"keep":118,"getting":331,"path":184,"points":57,"google":1063,"maps":391,"V3":146,"Syntax":183,"Django":61,"website":127,"performance":214,"browsers":200,"re":82,"entire":64,"folder":55,"Js":3856,"long":91,"changing":180,"order":162,"result":102,"save":167,"IE8":95,"Caching":50,"Scripts":108,"Extract":61,"Refresh":172,"Deferred":52,"Promise":306,"collection":131,"Select":540,"Java":144,"babel":103,"jsx":71,"firing":111,"statements":51,"Element":1558,"works":113,"Redirect":127,"argument":98,"gulp":135,"zoom":101,"level":70,"execution":97,"including":51,"Finding":73,"react":1220,"component":395,"ONE":497,"extension":241,"support":197,"WebSocket":93,"static":96,"build":106,"Webpack":289,"Isn":74,"deferred":52,"Number":515,"cursor":136,"end":142,"faster":73,"Loading":320,"development":53,"inline":126,"Clear":120,"behavior":82,"second":60,"else":58,"Month":69,"real":71,"match":145,"engine":71,"Returns":155,"No":306,"paste":51,"returning":128,"resolve":87,"back":179,"etc":64,"URl":602,"Vs":784,"block":85,"mm":55,"Ruby":55,"V8":67,"Case":94,"search":156,"Promises":145,"Render":192,"Mobile":286,"connect":75,"Server":394,"database":67,"Calling":208,"selection":100,"Call":654,"Ng":420,"coordinates":71,"menu":93,"iFrame":414,"resource":112,"NodeJS":271,"es6":449,"modules":126,"Avoid":103,"wait":135,"Express":208,"Custom":370,"popup":127,"fire":94,"really":53,"Reference":158,"Keep":118,"times":88,"issue":172,"Handlebars":73,"Meteor":142,"Ember":96,"Backbone":375,"moving":50,"Karma":69,"testing":171,"framework":104,"Mocha":82,"errors":142,"warning":69,"angularjs":1277,"selenium":52,"day":72,"calculate":78,"Storage":76,"switch":73,"views":70,"Router":268,"cookies":93,"wrong":78,"Better":95,"Load":540,"enter":106,"mode":127,"exist":81,"Client":332,"share":58,"Export":121,"Default":244,"PATH":184,"Vue":189,"lines":79,"NET":279,"DateTime":51,"PDF":132,"angularJS":1277,"word":82,"Submit":242,"Datepicker":104,"Implement":125,"Angularjs":1277,"Module":327,"System":65,"body":166,"iPhone":95,"Android":225,"Long":91,"running":167,"angular2":137,"typescript":323,"application":246,"trying":63,"types":66,"drawing":50,"Chart":228,"Library":235,"ASP":225,"MVC":169,"head":65,"live":58,"grid":105,"rows":71,"fastest":52,"Proper":71,"catch":117,"YouTube":113,"video":209,"Live":58,"Onclick":298,"matching":50,"condition":52,"foreach":107,"firefox":336,"found":77,"push":95,"Value":1154,"Partial":55,"View":273,"Dom":515,"Request":428,"https":51,"failed":147,"Browser":950,"uncaught":248,"Failed":147,"Unknown":59,"WebView":82,"Key":390,"d3":348,"Full":87,"animation":133,"Service":153,"src":126,"img":71,"Regular":177,"Resolve":87,"IE9":59,"Clicking":99,"Coffeescript":92,"Deep":61,"Nested":231,"routes":58,"Good":131,"socket":131,"capture":85,"Literal":84,"Implementation":74,"moment":151,"Underscore":138,"Invalid":108,"Force":162,"implementation":74,"Connection":75,"Exists":127,"rendering":138,"MAP":384,"XML":77,"parsing":87,"Typescript":323,"group":65,"connection":75,"Controller":184,"RegEx":281,"Var":120,"Callback":269,"ENTER":106,"keypress":63,"Selenium":52,"Math":64,"CSV":50,"CSS3":60,"transition":74,"External":181,"AngularJs":1277,"Last":149,"Modal":198,"Boolean":74,"already":93,"Usage":54,"Elements":623,"Single":268,"Application":246,"knockout":141,"less":51,"Auto":123,"app":410,"Content":419,"Security":62,"Policy":52,"Reactjs":148,"Textarea":184,"expected":85,"MM":55,"Input":804,"Knockout":141,"net":279,"Desktop":51,"Apps":54,"Clone":57,"history":106,"Exception":74,"D3":348,"internet":147,"Eslint":54,"vue":189,"mock":59,"Jest":95,"Keyboard":108,"Empty":228,"sorting":68,"Template":235,"limit":75,"autocomplete":113,"JQUERY":4351,"column":93,"Phonegap":92,"Dialog":144,"icon":52,"system":65,"Start":86,"Just":111,"Named":52,"reading":53,"Checkbox":136,"session":62,"mongodb":119,"Current":265,"Domain":152,"Name":373,"Hover":108,"Click":721,"History":106,"Autocomplete":113,"Inline":126,"Scope":224,"Double":119,"native":328,"Null":254,"Undefined":474,"Filter":196,"svg":281,"Selector":140,"Analytics":88,"Animate":84,"navigation":60,"Cancel":64,"target":86,"understanding":76,"available":89,"Disabled":80,"site":85,"cache":80,"users":55,"Index":222,"PhantomJS":68,"Handling":111,"overflow":55,"Unit":102,"Debugging":84,"onChange":82,"drag":142,"Ignore":53,"Errors":142,"Attributes":131,"Variable":681,"Statements":51,"Back":179,"Button":632,"confirm":60,"Npm":131,"automatically":113,"Statement":135,"Form":624,"Confirm":60,"Box":226,"IE11":52,"Seconds":68,"Two":424,"Dates":82,"Resource":112,"Document":490,"Iframe":414,"checkboxes":53,"OnChange":82,"INPUT":804,"fetch":126,"triggered":53,"php":289,"datatables":72,"Dev":66,"Modify":66,"Select2":64,"ESLint":54,"alternative":90,"chrome":1065,"Type":425,"status":72,"Path":184,"Visual":87,"Studio":84,"design":61,"pattern":144,"Model":251,"Json":870,"Post":265,"Title":79,"cancel":64,"jest":95,"Image":686,"jslint":87,"Cookie":118,"Extension":241,"Message":126,"IFRAME":414,"Expression":229,"Charts":55,"tabs":101,"windows":94,"Views":70,"Components":151,"WITHOUT":817,"SetInterval":98,"contentEditable":107,"Token":118,"CORS":81,"blob":81,"scale":69,"Code":696,"TAB":207,"Textbox":74,"One":497,"Timestamp":52,"Validation":164,"Nodes":61,"Tree":80,"Tooltip":73,"phantomjs":68,"Append":116,"editor":99,"RxJS":63,"Observable":73,"html5":650,"Store":135,"Framework":104,"asp":225,"Constructor":172,"Time":400,"progress":67,"Possible":457,"Alert":148,"Close":149,"Login":63,"Authentication":68,"MongoDB":119,"Context":115,"Language":76,"Nodejs":271,"LoDash":105,"Save":167,"Track":53,"Style":215,"apps":54,"dependencies":52,"Returning":128,"ExtJS":79,"Files":528,"Executing":66,"handlers":61,"User":384,"Match":145,"Engine":71,"Focus":210,"express":208,"config":50,"Rendering":138,"showing":90,"font":83,"Bad":94,"Making":71,"Selection":100,"hover":108,"columns":52,"VueJs":65,"carousel":51,"Practice":109,"Editor":99,"Block":85,"Header":184,"youtube":113,"Operator":166,"PhoneGap":92,"textArea":184,"Side":267,"Images":185,"Dynamic":240,"Drag":142,"mocha":82,"Options":144,"Break":88,"ie8":95,"safari":279,"Update":224,"facebook":169,"Global":203,"Expected":85,"Jquery":4351,"Scrolling":177,"jshint":53,"axis":87,"Apply":102,"Characters":204,"observable":73,"XMLHTTPRequest":138,"Hide":249,"Doesn":391,"maximum":72,"Closing":57,"Efficient":57,"Put":106,"FireFox":336,"converting":97,"datepicker":104,"LocalStorage":117,"Without":817,"Else":58,"Browserify":61,"tests":82,"calls":134,"RESIZE":143,"draw":78,"reactjs":148,"wrap":51,"updating":90,"nodeJs":271,"Cache":80,"proper":71,"Lines":79,"Space":89,"Clicked":112,"Outside":120,"dev":66,"pages":83,"Delay":84,"Requests":120,"Word":82,"mongoose":104,"innerHtml":86,"label":74,"Argument":98,"VueJS":65,"websocket":93,"Arrays":199,"IFrame":414,"Screen":157,"Instance":100,"Override":80,"Async":213,"Await":94,"Network":50,"Mode":127,"Libraries":89,"main":51,"Overflow":55,"Will":97,"Strict":93,"Location":190,"Bar":145,"stream":67,"Windows":94,"Method":528,"Pattern":144,"Design":61,"Protractor":96,"Values":436,"Xmlhttprequest":138,"network":50,"Popup":127,"vuejs":65,"RxJs":63,"Basic":62,"Carousel":51,"Trying":63,"Requirejs":121,"JSHINT":53,"CKEditor":58,"Really":53,"Mean":172,"tinymce":70,"Tags":138,"Regexp":62,"play":83,"Comma":71,"Window":782,"Build":106,"electron":53,"angularJs":1277,"twitter":185,"Missing":54,"Ionic":52,"material":52,"chart":228,"Non":188,"Project":97,"Drop":162,"Process":58,"Highcharts":124,"Draw":78,"State":261,"returned":52,"Highlight":56,"Field":252,"mvc":169,"Assign":84,"Buttons":88,"ignore":53,"Socket":131,"Drawing":50,"xml":77,"worker":67,"Command":72,"Line":311,"Transition":74,"WebKit":70,"FireBug":68,"Wrap":51,"usage":54,"Folder":55,"Structure":74,"security":62,"Angular2":137,"Directory":71,"Listener":82,"won":56,"Changes":157,"Based":269,"Inheritance":82,"Grid":105,"Leaflet":65,"firebug":68,"Websocket":93,"requirejs":121,"GetElementById":56,"Sign":70,"Performance":214,"Properties":243,"browserify":61,"Including":51,"Conditional":57,"Point":118,"Warning":69,"slow":93,"regexp":62,"Mongodb":119,"NodeJs":271,"Always":112,"Output":103,"Given":100,"ipad":61,"iphone":95,"webview":82,"making":71,"Keyword":77,"charts":55,"Max":67,"Navigation":60,"OnClick":298,"CheckBox":136,"Works":113,"embed":56,"Database":67,"Source":162,"Play":83,"Declare":56,"Templates":71,"Website":127,"TEXTAREA":184,"Container":66,"Api":594,"Users":55,"Next":110,"Reading":53,"Stringify":75,"Paste":51,"Write":188,"twice":56,"Part":69,"graph":83,"Url":602,"Action":108,"inject":65,"Toggle":77,"Problem":52,"Video":209,"Showing":90,"dataTables":72,"Import":158,"python":110,"Extend":68,"Work":520,"Timezone":54,"Events":362,"Net":279,"Used":180,"HighCharts":124,"Address":76,"Via":324,"Compile":59,"Support":197,"dom":515,"Relative":81,"Html":1548,"Config":50,"Worker":67,"Connect":75,"Radio":104,"ERROR":1007,"karma":69,"VALUES":436,"Simulate":56,"Audio":135,"Parameters":207,"Active":76,"Once":105,"Development":53,"IO":126,"select2":64,"Limit":75,"api":594,"Let":70,"highlight":56,"Comparison":50,"Background":189,"Jshint":53,"Log":183,"Spaces":78,"Multi":77,"NULL":254,"Table":284,"Valid":95,"analytics":88,"Asp":225,"Password":52,"THREE":113,"android":225,"phonegap":92,"Firing":111,"Electron":53,"Alternative":90,"Fixed":84,"DataTables":72,"Real":71,"django":61,"ECMAscript":80,"Item":165,"Different":256,"unknown":59,"VALUE":1154,"Div":760,"TOP":154,"Matching":50,"Parameter":196,"webSocket":93,"Svg":281,"Debug":114,"Id":281,"Result":102,"reactJS":148,"Datatables":72,"jasmine":177,"Animation":133,"Mouse":187,"Keys":153,"Child":253,"Listen":54,"Fix":69,"Layout":75,"Pdf":132,"divs":60,"Don":76,"Execution":97,"Large":104,"Youtube":113,"localstorage":117,"Html5":650,"Strings":167,"rails":167,"sending":76,"OPTIONS":144,"PUT":106,"Methods":178,"coffeescript":92,"explorer":135,"Duplicate":63,"Declaration":56,"Directives":50,"Route":114,"Anchor":91,"Fails":74,"Fire":94,"Enable":85,"Material":52,"Classes":111,"Debugger":51,"Group":65,"Tell":86,"Scale":69,"Handler":145,"Three":113,"protractor":96,"AMP":275,"Dependencies":52,"ember":96,"ONCHANGE":82,"Columns":52,"RequireJs":121,"Handlers":61,"JSlint":87,"v8":67,"Available":89,"Reset":69,"Chain":62,"Modules":126,"True":136,"False":129,"Search":156,"TinyMCE":70,"Loaded":198,"JShint":53,"HEAD":65,"Main":51,"Inside":620,"Embed":56,"Entire":64,"Head":65,"Callbacks":52,"Mvc":169,"Webview":82,"requireJS":121,"Names":77,"Vuejs":65,"Instead":252,"Inject":65,"Closure":94,"nodeJS":271,"meteor":142,"ReactJs":148,"Collection":131,"Checkboxes":53,"First":251,"Second":60,"leaflet":65,"Unique":68,"finding":73,"javaScript":11659,"Equal":71,"Axis":87,"Memory":175,"TextArea":184,"Webkit":70,"Types":66,"Slow":93,"Touch":89,"Runtime":50,"Assignment":55,"NAME":373,"Pages":83,"Phantomjs":68,"Practices":57,"Cookies":93,"unable":74,"Divs":60,"Size":221,"Transform":65,"xmlhttprequest":138,"Need":165,"STATEMENT":135,"Clipboard":55,"WARNING":69,"callBacks":52,"OPTION":184,"problem":52,"REACT":1220,"Flow":59,"Down":154,"Contents":77,"Version":123,"Label":74,"Mock":59,"Every":128,"Calls":134,"DELETE":132,"setTimeOut":160,"Href":130,"Status":72,"typeScript":323,"Moving":50,"Column":93,"Css":750,"Font":83,"ie":340,"Visible":87,"EcmaScript":80,"Complete":63,"DISABLE":362,"MOUSE":187,"CLICK":721,"tinyMCE":70,"Parent":293,"AutoComplete":113,"firebase":129,"ckeditor":58,"Issue":172,"Already":93,"CONVERT":493,"Props":98,"ionic":52,"cordova":63,"Jsx":71,"Http":305,"ruby":55,"Applications":50,"Previous":50,"Plain":65,"VIDEO":209,"DIVs":60,"End":142,"Synchronous":56,"Arguments":164,"Attribute":333,"Quotes":67,"RXJS":63,"Browsers":200,"Jslint":87,"Img":71,"Range":93,"Webpage":76,"FOUND":77,"Tinymce":70,"Off":71,"HREF":130,"Added":74,"java":144,"Top":154,"Viewport":53,"TinyMce":70,"rxjs":63,"Cordova":63,"Site":85,"Links":81,"BLOB":81,"TextBox":74,"Supported":57,"Color":189,"Row":107,"TIMESTAMP":52,"Fields":106,"Purpose":61,"Push":95,"Day":72,"getElementByID":56,"ContentEditable":107,"VARIABLE":681,"Wrong":78,"Defined":263,"Bind":163,"Menu":93,"Routes":58,"EXACTLY":54,"Effect":68,"IOS":186,"Stream":67,"Binary":57,"Ready":139,"webView":82,"Correctly":75,"Bug":62,"Within":319,"referenceerror":85,"typeerror":229,"Anonymous":110,"Icon":52,"Coordinates":71,"addeventlistener":70,"Level":70,"ORDER":162,"css3":60,"Place":51,"setinterval":98,"TimeOut":59,"visual":87,"studio":84,"Contenteditable":107,"JUST":111,"DropDown":159,"Install":53,"Numbers":186,"JSon":870,"Timeout":59,"Exist":81,"Left":71,"Right":118,"SET":791,"JsLint":87,"NG":420,"LT":625,"getelementbyId":56,"Decimal":70,"Php":289,"Rows":71,"MATCH":145,"Src":126,"mongoDB":119,"extjs":79,"Package":64,"EXTJS":79,"LOCAL":235,"OUTSIDE":120,"ie9":59,"ecmascript":80,"SCRIPT":564,"Ui":403,"Device":58,"Width":226,"ACTION":108,"Success":59,"coffeeScript":92,"xmlHttpRequest":138,"Body":166,"DAY":72,"GetElementByID":56,"CKEDITOR":58,"Iphone":95,"INSIDE":620,"KeyPress":63,"Extjs":79,"REAL":71,"onLoad":76,"Fired":50,"jsLint":87,"cors":81,"timeZone":54,"vueJs":65,"REGEX":281,"BackBone":375,"Exactly":54,"Returned":52,"TABLE":284,"GROUP":65,"Certain":109,"Children":91,"LESS":51,"INVALID":108,"CHARACTER":186,"Properly":98,"SRC":126,"JAVASCRIPT":11659,"settimeout":160,"Won":56,"Breaks":54,"NEW":515,"Localstorage":117,"Eval":69,"Twice":56,"DEFAULT":244,"PROPER":71,"NODEJS":271,"Generated":74,"Changed":68,"EXCEPTION":74,"Know":104,"Progress":67,"jsHint":53,"Items":104,"SINGLE":268,"Ecmascript":80,"Behavior":82,"Associative":55,"FORM":624,"EsLint":54,"PhantomJs":68,"requireJs":121,"getElementbyId":56,"CATCH":117,"NEt":279,"IONIC":52,"Tests":82,"CHILD":253,"END":142,"ONCE":105,"IPhone":95,"NO":306,"RENDER":192,"WebPack":289,"ios":186,"CKeditor":58,"phantomJS":68,"WIDTH":226,"SPACE":89,"ExtJs":79,"IMG":71,"Faster":73,"FireBase":129,"CheckBoxes":53,"BEST":428,"PRACTICES":57,"Cors":81,"PYTHON":110,"ALREADY":93,"BootStrap":626,"OPTIONs":144,"XMLHTTPREQUEST":138,"CLOSING":57,"InnerHTML":86,"Days":55,"AddEventListener":70,"ForEach":107,"Something":85,"reactJs":148,"CONTAINS":104,"Condition":52,"SetTimeout":160,"DATETIME":51,"RETURN":436,"ie11":52,"Es6":449,"Allowed":50,"LINK":272,"BOTTOM":89,"PURE":97,"SESSION":62,"COOKIES":93,"REQUIRE":181,"Results":91,"Around":69,"Points":57,"timeStamp":52,"DEV":66,"TRUE":136,"keyPress":63,"FILE":1255,"Onload":76,"ANgular":1111,"innerhtml":86,"Even":80,"MULTIPLE":793,"MongoDb":119,"IPad":61,"Rxjs":63,"UNKNOWN":59,"TEST":312,"BINARY":57,"Created":94,"tinyMce":70,"EVEN":80,"VUEjs":65,"PhP":289,"SHOW":351,"FONT":83,"SIZE":221,"ASYNC":213,"GOOD":131,"ARROW":116,"LINE":311,"Datetime":51,"FIle":1255,"HIdden":118,"Urls":52,"ToolTip":73,"Checked":70,"callBack":269,"OBJECT":1913,"EXPRESS":208,"Less":51,"Io":126,"DIalog":144,"MOBILE":286,"AUDIO":135,"JEST":95,"Existing":83,"NODE":1212,"vueJS":65,"NATIVE":328,"UNIQUE":68,"CURRENT":265}